,Year,Correlation,P_Value
0,2016,0.4267200722347397,0.00043774464934287765
1,2017,0.5050558006624855,1.3084471735415908e-05
2,2018,0.47561867811420133,2.7683045963228895e-05
3,2019,0.4501771030355331,9.222738366039581e-05
4,2020,0.5429856045804599,6.935971461360794e-07
5,2021,0.3495695529843389,0.004014487623159438
6,2022,0.511375351445137,1.1443937702815595e-05
7,2023,0.49095964609652193,1.1943276831292445e-05
